{"cameraMode":{"drawMode":0,"name":"Shaded","section":"Shading Mode"},"sceneLighting":true,"audioPlay":false,"sceneViewState":{"showFog":true,"showMaterialUpdate":false,"showSkybox":true,"showFlares":true,"showImageEffects":true,"showParticleSystems":true},"in2DMode":false,"pivot":{"x":15.286710739135743,"y":13.41460132598877,"z":90.4965591430664},"rotation":{"x":-0.3765442967414856,"y":0.49207374453544619,"z":-0.24891136586666108,"w":-0.7443931102752686},"size":46.28004455566406,"orthographic":false}